id,name,popularity,followers,genres
08xn7sYY4KworP8Vc3GoiU,Orinn,55,558309,"['vinahouse', 'vietnamese lo-fi', 'v-pop', 'lo-fi']"
0jF7Zlz8P5p74zcH7YwcMU,Anh Quân Idol,42,36965,"['vinahouse', 'vietnamese lo-fi', 'v-pop', 'lo-fi']"
7MsHVZKh1TeKgGqm65kZnY,Vũ Duy Khánh,35,22264,"['vinahouse', 'v-pop', 'vietnamese bolero']"
7JpgJSzLFVxFcMIRUhq7vV,Lương Bích Hữu,36,27958,"['vinahouse', 'v-pop', 'vietnamese bolero', 'vietnamese lo-fi']"
0okOBQvuWiPJnfvvmosphN,VIET.,35,24396,"['vinahouse', 'vietnamese lo-fi', 'v-pop']"
26NyVPtPZVaLKTuHhEKHQR,Lâm Chấn Khang,34,74377,"['v-pop', 'vietnamese bolero', 'vinahouse']"
0BwuE4uwhneqJyf2i3evtr,Nhật Phong,31,39879,"['vinahouse', 'vietnamese lo-fi', 'v-pop', 'vietnamese bolero']"
2Z5RRfYUri6Ed0kpcTS532,Đinh Đại Vũ,24,5879,"['vinahouse', 'v-pop', 'vietnamese lo-fi']"
4HxmYH4nQ0ySbXoZJgkWgO,Cao Nam Thanh,23,8821,"['vinahouse', 'vietnamese lo-fi', 'v-pop']"
4cwJ1rHmQPoxKC4KmNnOx6,Lương Gia Hùng,21,1892,"['vinahouse', 'vietnamese lo-fi', 'v-pop']"
3VJCZVPht5CES0B5wIJKeW,Bác sĩ Hải,21,15339,"['vinahouse', 'v-pop']"
4TIkbzRb0DgLNgvYFndhyP,Khưu Huy Vũ,22,10565,"['vietnamese bolero', 'vinahouse', 'bolero', 'traditional music']"
1mZMrngksK45xA6GYOpxPt,Quách Tuấn Du,23,14042,"['vietnamese bolero', 'vinahouse', 'bolero']"
06SicyiJaPtTdRWR015ZKw,Saka Trương Tuyền,24,34235,"['vinahouse', 'vietnamese bolero', 'v-pop']"
4Tl20SnUCvoHDCBEDR9DOZ,Du Thiên,18,3095,"['vinahouse', 'v-pop']"
1tuwKCpqzgE7Osgv0z7lUE,Trương Khải Minh,16,3490,['vinahouse']
3Po0bFynB4xcPkXmyw3CSl,Moi DJ,17,2525,"['vinahouse', 'v-pop']"
16nTcForrPxEZsqqJUodt4,BD Media Music,15,54923,"['vinahouse', 'vietnamese lo-fi', 'v-pop']"
688jabvjkBHWBVkggVVwbH,NLy,14,495,"['vinahouse', 'v-pop']"
2hQhwewANVvoJkH7SHEdEs,Vĩnh Thuyên Kim,17,41688,"['vinahouse', 'vietnamese bolero', 'v-pop']"
4F1FCglJnRnrggZjJDTWpG,Mây Trắng,11,1929,"['v-pop', 'vinahouse']"
1S0Bsmjx0UHR7oz0JsZ3G4,Lương Gia Huy,16,15368,"['vinahouse', 'vietnamese bolero', 'v-pop']"
19Huao8hcyqrrMe5B3sB97,DJ Tom2k,9,503,"['vinahouse', 'vietnamese hip hop']"
2rV6o5IFuWgGBjSe6ZHH2z,Châu Ngọc Tiên,13,4325,"['vinahouse', 'vietnamese bolero', 'v-pop']"
6gD9ykvF8IWPWLVZm5EwGS,Kiwi Ngo Mai Trang,12,309,"['vinahouse', 'v-pop']"
6megZpm9IV0F6FUU09sJFw,Hoàng Minh,11,1571,"['vietnamese bolero', 'vinahouse', 'v-pop']"
7xCRA5plEPlwri2Tf9Pcd8,Dinh Kien Phong,9,3706,"['vinahouse', 'v-pop']"
03hVdiz1KdQ9rhIKQoJXsE,Marr D,4,281,"['vinahouse', 'v-pop']"
22Cg030HR9Ytnyc1uJ11rO,Hàn Khởi,4,115,"['vinahouse', 'v-pop']"
3tFUGTgirIAVQC8fPWMAvr,Lam Chan Kiet,7,374,"['vinahouse', 'v-pop']"
6x7lrx497B2xg2iIFLMrOR,HpvTV DJ Mat Xac,5,5185,"['vinahouse', 'vietnamese hip hop']"
79OXsqyO0oJnw1GPocEHvy,Dương Bửu Trung,7,2812,"['vinahouse', 'vietnamese bolero', 'bolero']"
6h54CyJrKz7VFTbhcNa5z5,Cao Sy Hung,2,155,['vinahouse']
7d9FVZiZSeihU5Ybz9RQDd,DJ Hoang Anh,1,739,['vinahouse']
6AL6yQvDtbRLwX9jsaCPbK,Thien Dung,0,51,['vinahouse']
55u2fV3xBZZJT3VCL2WeZB,Nguyen Hong Phuc,2,167,"['traditional music', 'vinahouse']"
4pPPr8Q8BFmD8euPE0Gxei,Ánh Chuột,0,170,[]
7kuPvJW5dFp3jcDzbCJuCf,Nguyen Hai Yen,0,120,[]
63aNYEnei9zRJabFnVRQ3c,Mai Quốc Việt,0,135,['vinahouse']
5HZtdKfC4xU0wvhEyYDWiY,HIEUTHUHAI,67,2109280,"['v-pop', 'vietnamese hip hop', 'vietnamese lo-fi', 'vietnam indie', 'vinahouse']"
3diftVOq7aEIebXKkC34oR,tlinh,65,1391776,"['v-pop', 'vietnamese hip hop', 'vietnam indie', 'vietnamese lo-fi', 'vinahouse']"
5dfZ5uSmzR7VQK0udbAVpf,Sơn Tùng M-TP,64,6425018,"['v-pop', 'vinahouse', 'vietnamese hip hop']"
7Cp2hGcriAaDUAWpXnSEwm,buitruonglinh,62,548625,"['v-pop', 'vietnamese lo-fi', 'vietnam indie', 'vinahouse']"
1W2pigH6UYwuTuFbwoSfVZ,RHYDER,62,481829,"['v-pop', 'vietnamese hip hop']"
57g2v7gJZepcwsuwssIfZs,Vũ.,62,2357407,"['v-pop', 'vietnam indie', 'vietnamese lo-fi']"
0ZbgKh0FgPYeFP38nVaEGp,Obito,61,888670,"['v-pop', 'vietnamese hip hop', 'vietnam indie']"
1cPpd989kghzlZqfpP4KwL,RAP VIỆT,62,1866271,"['vietnamese hip hop', 'v-pop']"
1L1VfizWn4DkFt602yD80U,ERIK,61,996371,"['v-pop', 'vietnamese lo-fi', 'vinahouse', 'vietnam indie']"
6CGGvCBHWqQ4HXtn5aLhbh,SOOBIN,61,988492,"['v-pop', 'vietnamese hip hop', 'vietnamese lo-fi', 'vietnam indie', 'vinahouse']"
6zUWZmyi5MLOEynQ5wCI5f,Da LAB,60,1118690,"['v-pop', 'vietnamese hip hop', 'vietnam indie', 'vietnamese lo-fi', 'vinahouse']"
1LEtM3AleYg1xabW6CRkpi,Đen,60,4255917,"['v-pop', 'vietnamese hip hop', 'vietnam indie', 'vietnamese lo-fi']"
1zSv9qZANOWB4HRE8sxeTL,RPT MCK,60,1154524,"['vietnamese hip hop', 'v-pop', 'vietnam indie']"
0slOzRzTQb1RBBVJbvRITP,Quang Hùng MasterD,60,332697,"['v-pop', 'vietnamese lo-fi', 'vinahouse', 'vietnamese hip hop']"
4fg8aMZ23d2bxKz7r2vt9v,Negav,59,275370,"['v-pop', 'vietnamese hip hop', 'vietnam indie']"
3rjcQ5VIWCN4q7UFetzdeO,JustaTee,59,1104349,"['v-pop', 'vietnamese hip hop', 'vietnam indie', 'vietnamese lo-fi', 'vinahouse']"
6d0dLenjy5CnR5ZMn2agiV,GREY D,59,415620,"['v-pop', 'vietnam indie', 'vietnamese lo-fi', 'vietnamese hip hop']"
13c4ijEkXNvEFoxGxwp5Su,Pháp Kiều,58,179864,"['v-pop', 'vietnamese hip hop']"
2nSO7JYDbJrYbJmP39qUzj,Binz,58,1183543,"['vietnamese hip hop', 'v-pop', 'vinahouse', 'vietnam indie']"
30eFAXoU2kTjJPf2cq80B8,WEAN,58,412224,"['v-pop', 'vietnamese hip hop', 'vietnam indie', 'vietnamese lo-fi']"
2aQnC3DbZB9GbauvhAw7ve,AMEE,58,1501974,"['v-pop', 'vietnamese hip hop', 'vietnam indie', 'vietnamese lo-fi']"
1WvNgEoB66jmHodcj15Zi9,B Ray,58,976730,"['vietnamese hip hop', 'v-pop', 'vinahouse', 'vietnam indie']"
6NF9Oa4ThQWCj6mogFSrVD,W/N,57,1537348,"['v-pop', 'vietnamese hip hop', 'vietnamese lo-fi', 'vietnam indie']"
6EybZ5zwPNEtEngfrEMevN,JSOL,57,201448,"['v-pop', 'vietnamese lo-fi', 'vietnamese hip hop']"
5lAfakPZgxFKgiJD6xAF1G,Orange,57,550656,"['v-pop', 'vietnamese hip hop', 'vietnamese lo-fi', 'vietnam indie', 'vinahouse']"
2aMo0CYbTieTisS0BlWc59,VSTRA,56,285095,"['v-pop', 'vietnamese hip hop', 'vietnam indie', 'vietnamese lo-fi']"
0V2DfUrZvBuUReS1LFo5ZI,Ngọt,56,846359,"['vietnam indie', 'v-pop', 'vietnamese hip hop']"
75Ki5hBCOpDtKGoFyTvLxP,Lou Hoàng,56,486962,"['v-pop', 'vinahouse', 'vietnamese lo-fi']"
5M3ffmRiOX9Q8Y4jNeR5wu,Wren Evans,57,603401,"['v-pop', 'vietnam indie', 'vietnamese hip hop', 'vietnamese lo-fi', 'vinahouse']"
1Qia4CTwh6x0CZbD0079zi,CoolKid,56,93969,"['v-pop', 'vietnamese hip hop']"
5FWPIKz9czXWaiNtw45KQs,Đức Phúc,56,1294857,"['v-pop', 'vinahouse', 'vietnam indie', 'vietnamese lo-fi']"
7yquVKfxBuNFJbG9cy2R8A,Vũ Cát Tường,55,769948,"['v-pop', 'vietnam indie', 'vietnamese lo-fi']"
5jTFNkoZebPnX90CbB3F2A,MONO,54,927165,"['v-pop', 'vietnamese hip hop', 'vinahouse']"
2NRcG7E1j2sSi8vnUzCcpi,Quân A.P,54,721004,"['v-pop', 'vietnamese lo-fi', 'vietnam indie']"
62D1qvKkvUCvXEtY1xwRfo,Anh Tú Atus,54,164373,"['v-pop', 'vietnamese hip hop']"
2rVYwIYNEsMxtt8j5yemHb,T.R.I,54,242836,"['v-pop', 'vietnamese lo-fi', 'vietnam indie', 'vietnamese hip hop']"
4RPhZ2g5GYff0hKNBlZKXh,Ali Hoàng Dương,53,93944,"['v-pop', 'vietnamese hip hop']"
6OzE2OdvV2tGAxSBsBuZ74,Hoàng Dũng,54,679643,"['v-pop', 'vietnam indie', 'vietnamese lo-fi', 'vietnamese hip hop']"
2xvW7dgL1640K8exTcRMS4,Chillies,53,921691,"['v-pop', 'vietnam indie', 'vietnamese lo-fi', 'vietnamese hip hop']"
2rKtPYcwYmevNcaqzJOwvf,MANBO,53,148862,"['vietnamese hip hop', 'v-pop', 'vietnam indie']"
2xK6qcvfXuFFbU0NL95aeo,Thịnh Suy,53,732993,"['v-pop', 'vietnam indie', 'vietnamese lo-fi']"
0gGd4WhPXBSgDX6fdOHcOw,Rhymastic,53,700681,"['v-pop', 'vietnamese hip hop', 'vietnam indie', 'vinahouse', 'vietnamese lo-fi']"
5Kh0ta0UY4uJ4g2CIdq9V9,Phương Ly,53,588564,"['v-pop', 'vietnamese hip hop', 'vietnam indie', 'vinahouse', 'vietnamese lo-fi']"
0iqum9KAHh3LkgDhuqvTxM,Song Luân,53,59490,"['v-pop', 'vinahouse', 'vietnamese hip hop']"
1n9JKdEdLxrbgJiqz1WZFJ,Tăng Duy Tân,54,327371,"['v-pop', 'vinahouse', 'vietnamese lo-fi']"
4bPYvyUn1mWwUwIW57oST2,Emcee L (Da LAB),52,193867,"['v-pop', 'vietnamese lo-fi', 'vietnam indie', 'vietnamese hip hop']"
6oqtpFuvCTISMPeGv6P2sj,Bùi Công Nam,52,52600,"['v-pop', 'vietnam indie', 'vietnamese hip hop']"
40JnMfFlpwqBnWitkL96g4,Isaac,52,203726,"['v-pop', 'vietnamese hip hop']"
0tBmmwc8j8zbJxISwdsvjA,Andiez,52,387085,"['v-pop', 'vietnamese lo-fi', 'vietnam indie']"
0IdAjS2LRieBR3gzoazdAw,MIN,53,1081314,"['v-pop', 'vietnamese hip hop', 'vietnamese lo-fi', 'vietnam indie', 'vinahouse']"
4cLYlDISnWaErAitB8kRph,Quang Trung,51,61257,"['v-pop', 'vietnamese lo-fi', 'vietnamese hip hop', 'vietnam indie']"
0zo8kCJVktn7oPnzpkbC2p,14 Casper,51,82447,"['v-pop', 'vietnam indie', 'vietnamese lo-fi']"
1oD9fKbb7qQ2nhn9JJC24F,Thắng,51,230250,"['vietnam indie', 'v-pop', 'vietnamese hip hop']"
3Tehj7YghQc7zH0I1faGc6,BigDaddy,51,266803,"['v-pop', 'vietnamese hip hop', 'vinahouse', 'vietnam indie']"
3E6LGptA8lBEXPHAQCE3vr,Kai Đinh,51,85997,"['v-pop', 'vietnamese lo-fi', 'vietnam indie']"
0r63ReVRjxrS4ATbLrdcrL,Hoàng Thùy Linh,54,883603,"['v-pop', 'vietnamese hip hop', 'vinahouse', 'vietnam indie']"
3Ufoo4BPShhahtCSjgpBLP,Hứa Kim Tuyền,51,147832,"['v-pop', 'vietnamese lo-fi', 'vietnam indie']"
1OIYKbmhG0RxPXvVPNj3NN,Madihu,50,266097,"['v-pop', 'vietnam indie', 'vietnamese hip hop']"
3mibIJiduF0MVLLAvHZAxw,Noo Phước Thịnh,51,812332,"['v-pop', 'vinahouse', 'vietnamese lo-fi']"
3nGqUwkJHiLPDECMVrX1Sq,Masew,51,647400,"['v-pop', 'vietnamese hip hop', 'vinahouse', 'vietnamese lo-fi', 'vietnam indie']"
2Bwp23pD4UVsSkchHDZw4F,Karik,51,466900,"['v-pop', 'vietnamese hip hop', 'vietnam indie', 'vietnamese lo-fi', 'vinahouse']"
7LLfmKhGZI11XO0dO4xDI7,Anh Tú,50,185960,"['v-pop', 'vietnamese hip hop']"
3euFcFd5Dc7JAz6t7oKg7m,BMZ,50,9244,"['v-pop', 'vietnamese lo-fi', 'vinahouse', 'vietnam indie']"
35HU1GT1q797EwZsP8uduO,Mr.Siro,50,1117994,"['v-pop', 'vinahouse']"
4YkqEuVf1Jf2x2XDqJ2CvC,Tóc Tiên,50,278233,"['v-pop', 'vietnamese lo-fi', 'vietnam indie', 'vietnamese bolero']"
5zT1Ku9mzzl6RW5y4z0hUK,Minh Huy,49,31030,"['v-pop', 'vietnamese lo-fi', 'vietnamese hip hop', 'vietnam indie']"
2Gvp79Cmni6PX13CAlSGex,Bùi Anh Tuấn,50,344194,"['v-pop', 'vietnamese lo-fi']"
56YvnYcOAPPIuSwoZ6uoBP,DT TAP RAP,49,61741,"['v-pop', 'vietnamese hip hop', 'vietnamese lo-fi', 'vinahouse', 'vietnam indie']"
4R3mugkUqCALXgkwSptTbg,Đạt G,49,482703,"['v-pop', 'vietnamese hip hop', 'vinahouse']"
70ULEgr5A3zBL12foM4bnj,Vũ Phụng Tiên,49,50523,"['v-pop', 'vinahouse', 'vietnamese hip hop', 'vietnamese lo-fi']"
14W31zJumZnGDgZuPXclTJ,Thanh Hưng,49,160762,"['v-pop', 'vietnamese lo-fi', 'vinahouse']"
6xRZoWlE9twEkMC5NW4Z9f,Hoàng Tôn,49,277863,"['v-pop', 'vietnamese hip hop', 'vinahouse']"
4x1fUORHa2EsxrQ6ZzAoQ0,SUNI,49,299308,"['v-pop', 'vietnam indie', 'vietnamese lo-fi', 'vinahouse']"
0aNyWetkjBvIdZvJY00yEa,Phan Mạnh Quỳnh,49,1029672,"['v-pop', 'vietnam indie']"
5GBXwBVQufRCmwI1bNRIUo,Only C,49,563549,"['v-pop', 'vietnamese hip hop', 'vinahouse', 'vietnamese lo-fi']"
6tWaQSIL7reD85PKStNk28,Kha,48,178466,"['v-pop', 'vietnamese lo-fi', 'vietnam indie', 'vietnamese hip hop', 'vinahouse']"
5fa13NJjmn2uQ3dxZDi2Ge,Bích Phương,49,1219183,"['v-pop', 'vietnamese hip hop', 'vietnamese lo-fi', 'vinahouse', 'vietnam indie']"
5UNWQJdUbO8Gbg9Qn3r52M,Touliver,49,191503,"['v-pop', 'vietnamese hip hop', 'vinahouse', 'vietnam indie']"
1CWwyDPjCowRTO4p6A7r6g,Mỹ Tâm,49,1974560,"['v-pop', 'vietnamese bolero', 'vietnam indie']"
1nX1HVIUo1Zfs3e2v3lFb9,Changg,48,156511,"['v-pop', 'vietnamese lo-fi', 'vietnamese hip hop', 'vietnam indie']"
3oB1lv9FWDKbNOUvdTw75Q,Bình Gold,48,281282,"['vietnamese hip hop', 'v-pop', 'vinahouse']"
7l7DZWQaVIS13zFgSf7eb4,Tuấn Hưng,48,307267,"['v-pop', 'vietnamese bolero', 'vinahouse']"
1yNjtowTJs05S2Xp2g7stg,Freak D,47,133104,"['vietnamese lo-fi', 'v-pop', 'lo-fi', 'vietnam indie']"
3FwYnbtGNt8hJfjNuOfpeG,Hà Anh Tuấn,47,1253938,"['v-pop', 'vietnam indie']"
2knyDFP4xw9wZEWA98JX6b,TRANG,47,136210,"['vietnam indie', 'v-pop']"
3y0Tmt0epaxAHy6L89dGGC,Ngô Lan Hương,48,72944,"['v-pop', 'vinahouse', 'vietnamese lo-fi', 'vietnam indie', 'vietnamese hip hop']"
6fIF1TzV4K21TUWPXoQDAj,UMIE,47,128933,"['v-pop', 'vietnamese hip hop', 'vinahouse']"
0KWdVd7ZYhtlm0CLHIFBya,Bằng Kiều,48,455391,"['vietnamese bolero', 'v-pop', 'bolero']"
4APrfmUo8KRrjCVuyoKvwY,Olew,47,84445,"['v-pop', 'vietnamese lo-fi', 'vietnam indie']"
2XtMx7EHHODQSeBzDCBec9,Bùi Lan Hương,47,53111,"['v-pop', 'vietnam indie']"
5Cf9nBDNc99UFkq9Yqap7Q,Trung Quân,47,573677,"['v-pop', 'vietnam indie', 'vietnamese lo-fi']"
1dmaHHd1Xbd85cT1egYb4w,Trúc Nhân,47,973620,"['v-pop', 'vietnam indie']"
2CLdtsyD2NsTOBBOVr7fi8,MONSTAR,46,232277,"['v-pop', 'vietnam indie']"
63SNH9m8M034lCGELVC1dm,Văn Mai Hương,47,467657,"['v-pop', 'vinahouse', 'vietnamese hip hop', 'vietnam indie']"
4e5LAUvM35jleGg8gElTsP,Miu Lê,47,440861,"['v-pop', 'vietnamese hip hop', 'vinahouse', 'vietnamese lo-fi']"
3EPkqJFzEGSJWtGsu1Xwqt,Kay Trần,46,101094,"['v-pop', 'vietnamese hip hop']"
0l3YAI1xmZKCZBzduST5ft,Thùy Chi,46,517620,"['v-pop', 'vinahouse', 'vietnam indie', 'vietnamese hip hop']"
1Jmkhzve9TuXHUUWGmpANw,Wxrdie,63,463163,"['vietnamese hip hop', 'v-pop']"
6TITnFVRcl0AcZ4syE7Toe,Low G,62,1593992,"['vietnamese hip hop', 'v-pop', 'vietnam indie']"
5ulyphh5uJrH4Gb1JpSMkV,HURRYKNG,59,238714,"['v-pop', 'vietnamese hip hop']"
0hy8mfXxfD8kQ6MRQkDVrn,itsnk,54,26241,"['v-pop', 'vietnam indie', 'vietnamese hip hop']"
5Hv9MhUFvGlYurce5BDRUh,Gill,53,123436,"['vietnamese hip hop', 'v-pop', 'vietnam indie', 'vinahouse']"
4grjJqg7iwQ8RKHs8d9Snh,Andree Right Hand,53,394752,"['vietnamese hip hop', 'v-pop', 'vinahouse']"
3JWIaDWHJq11w1xPqJStEv,Hustlang Robber,53,134095,"['vietnamese hip hop', 'v-pop']"
0hUr8xEtATxbq2OTiJFAP0,24k.Right,52,204697,"['vietnamese hip hop', 'v-pop']"
1tikl40deDgJWS57GTKiVh,Dick,52,111390,"['vietnamese hip hop', 'v-pop', 'vietnam indie']"
3HD3V1nGFPwepBO7064Ij0,PC,50,147530,"['vietnamese hip hop', 'v-pop', 'vietnam indie', 'vietnamese lo-fi']"
0wATZebE9ZNj7fTjTdwiJB,Kewtiie,50,39998,"['v-pop', 'vietnamese hip hop', 'vietnam indie']"
23UOCFmQtFKvx2mFufMoJB,Winno,50,102568,"['vietnamese hip hop', 'v-pop', 'vietnam indie']"
2OkxNsNz7QXCBwlME0fSsk,TGSN,49,17209,"['v-pop', 'vietnamese hip hop', 'vietnam indie']"
3QjJx8Yp2mXYoHtiPI7VMI,VCC Left Hand,48,27889,"['vietnamese hip hop', 'v-pop', 'vietnam indie']"
39UJlviUwzZGZrA8DiQy31,Mason Nguyen,47,29400,"['vietnamese hip hop', 'v-pop']"
3Wj34lTDJnPp70u4YCl4jz,Lil Wuyn,47,164334,"['vietnamese hip hop', 'v-pop', 'vietnam indie']"
4Xz2dDcMF1DDfwFcr8Xa5P,Ngắn,47,39859,"['v-pop', 'vietnamese hip hop', 'vietnam indie']"
22MX8BG5870DGzpNricY7q,VSOUL,47,156473,"['vietnamese hip hop', 'v-pop', 'vietnam indie']"
6kFhNMq6O8P5QKdqlGMUVW,Tage,46,97263,"['vietnamese hip hop', 'v-pop']"
25JRC8aMGIGBIJ5KiINv3l,RPT Orijinn,46,59613,"['vietnamese hip hop', 'v-pop']"
0wqus4nTxIoJvLZLwBt8Df,Rapital,46,149382,"['vietnamese hip hop', 'v-pop', 'vietnam indie']"
7H9jPV9qWyp6V629038aXU,Lynk Lee,46,176250,"['v-pop', 'vietnamese lo-fi', 'vietnamese hip hop', 'vietnam indie']"
6kkA6laUMR0hzML9YY98CQ,kidsai,46,64043,"['v-pop', 'vietnamese hip hop', 'vietnam indie']"
3BWBxpXDxofgji3RKZPIz8,Hoà Minzy,46,414803,"['v-pop', 'vinahouse']"
23xCr75lKvnFvKi8ImHE7S,Táo,45,398214,"['vietnamese hip hop', 'v-pop', 'vietnam indie', 'vietnamese lo-fi']"
7dFC6SVFS2YkIcRfE2SyfV,Dab,44,33819,"['v-pop', 'vietnamese hip hop', 'vietnam indie']"
5OvCh1Nin8AGw7OkxYinBe,Tiên Tiên,44,393245,"['v-pop', 'vietnam indie', 'vinahouse', 'vietnamese lo-fi']"
3EkXXkwTWhJpPDJR4ME3D8,KayC,44,18767,"['vietnamese hip hop', 'v-pop', 'vietnam indie']"
0Ux2qIQbEeqvv7uYLgHhDH,tofutns,43,34061,"['vietnamese hip hop', 'v-pop', 'vietnam indie']"
0vTUa2hbNHke3omoGxuKFm,Linh Cáo,44,20363,"['vietnam indie', 'v-pop', 'vietnamese hip hop', 'vietnamese lo-fi']"
3KJopZ2uUclqEtLxQg0FNn,Jack - J97,44,546990,"['v-pop', 'vietnamese lo-fi', 'vinahouse']"
4LuFOXq87Tg0JSl5U7yxFZ,QNT,43,165872,"['vietnamese hip hop', 'v-pop', 'vietnam indie', 'vietnamese lo-fi']"
12scI4mEdyEDBi7cdkxkVZ,1nG,43,32328,"['v-pop', 'vietnamese lo-fi', 'vietnamese hip hop', 'vietnam indie']"
033tY0EKEVdDtzoeEMMCJC,Phạm Quỳnh Anh,44,47865,['v-pop']
7JRDlOAUMJuLKmapm6H2VG,D Blue,42,49939,"['vietnamese lo-fi', 'vietnamese hip hop', 'v-pop', 'vietnam indie']"
5ayWRfrcpObgDDlzheJ2Gr,TaynguyenSound,42,156111,"['vietnamese hip hop', 'vietnam indie', 'v-pop']"
2Xlia1jlI7JDki4Xa42uyK,Phạm Nguyên Ngọc,42,113027,"['v-pop', 'vietnamese lo-fi', 'vietnam indie']"
401ikVSob52311M6Fwnunt,Coldzy,43,53255,"['vietnamese hip hop', 'v-pop', 'vietnam indie']"
0EOMdQwzUG6CKh9oWvcANr,Lăng LD,43,23831,"['vietnamese hip hop', 'v-pop']"
5HnaYivMXMHeOKCvyPGUkk,Phạm Anh Duy,42,27535,"['v-pop', 'vietnam indie', 'vietnamese lo-fi']"
50bDh0lNWnngFN237F1rJq,Linh Thộn,42,15833,"['v-pop', 'vietnamese hip hop', 'vietnam indie']"
5yE1xvNIbuEB2kkopCuCVY,PAR SG,42,47615,"['vietnamese hip hop', 'vietnamese lo-fi', 'v-pop', 'vietnam indie']"
6uAa2LaYiWLsy8FlwtKvay,SIXTYUPTOWN,42,4172,"['vietnamese hip hop', 'v-pop', 'vietnam indie']"
6JTiPLdbZD2e0tDsN15U1s,Đông Nhi,43,303991,"['v-pop', 'vinahouse']"
6UiKZD9yB7Gxjol62s431k,Seachains,42,38216,"['v-pop', 'vietnamese hip hop', 'vinahouse']"
5U1dINFKjJlYNOSdMrHlRh,16 Typh,42,277653,"['vietnamese hip hop', 'v-pop', 'vinahouse']"
3FZ4GX2mWNn7XElse3fQWd,Khói,42,262743,"['vietnamese hip hop', 'v-pop', 'vietnamese lo-fi', 'vietnam indie']"
1yx4rYyjUYupI7Ji1YvXRh,Groovie Lã Thắng,41,3086,"['vietnam indie', 'vietnamese hip hop', 'vietnamese lo-fi', 'v-pop']"
4en2ObzSYlIYbCGknXjgG9,Pháo,49,250317,"['v-pop', 'vinahouse', 'vietnamese hip hop']"
0XEYiIh3AzMl9lBaT3gNz7,Willistic,41,25989,"['vietnamese hip hop', 'v-pop', 'vietnam indie']"
1BcjfrXV4Oe3fK0c8dnxFF,Phương Mỹ Chi,43,149027,"['v-pop', 'vietnamese bolero']"
2rlOStil9gdIb581pA8WaS,Ccmk,41,20315,"['vietnamese hip hop', 'v-pop', 'vinahouse']"
2SWNzbf1maA3oR4x56Uv9W,Tùng TeA,41,43591,"['vietnamese hip hop', 'vietnam indie', 'v-pop']"
5Ib3D8UtLdYZjhVNWzwfoH,Nguyên Hà,41,212339,"['v-pop', 'vietnam indie']"
6wZ01tGqWDyJ6vykbeaIFA,Kidz,40,82742,"['vietnamese hip hop', 'v-pop']"
71Cy7nzbfpuGJAS5FGxm93,Khoi Vu,41,45761,"['v-pop', 'vietnamese hip hop', 'vietnamese lo-fi', 'vietnam indie']"
4RGBKkUyyvsim9vdBKCCkc,Ngơ,40,527707,"['v-pop', 'vietnam indie', 'vietnamese lo-fi', 'vietnamese hip hop']"
6sJBvMCAi9NuNCxI9RDYDW,Osad,40,295961,"['v-pop', 'vietnamese hip hop']"
2dP2cG3zK05Y1jtb8Kwdpm,Tuimi,40,5450,"['vietnamese hip hop', 'v-pop', 'vietnam indie']"
3JlzPlR5FYYa402qPCCaAm,Freaky,40,48327,"['v-pop', 'vietnamese hip hop', 'vinahouse', 'vietnamese lo-fi']"
4F5jaYapI8RtTpqwaYs4IF,Lệ Quyên,42,404448,"['vietnamese bolero', 'bolero', 'v-pop']"
4jQZaxfgwiUJFQagCyZNV4,Ricky Star,40,68582,"['v-pop', 'vietnamese hip hop', 'vietnam indie']"
19JOXyTbKnSp1QxnKEeXtq,Koo,39,19530,"['vietnamese hip hop', 'vinahouse', 'v-pop', 'vietnamese lo-fi']"
718QENtLy8bL4xVoZPg5PP,YanBi,38,106397,"['v-pop', 'vietnamese hip hop', 'vinahouse']"
68Vj5ArAHBx2K0osGDXK4K,B-Wine,38,24901,"['vietnamese hip hop', 'v-pop', 'vietnam indie']"
5TIZ9p5TSviYl96ladXXFw,Như Quỳnh,42,119830,"['vietnamese bolero', 'bolero', 'v-pop']"
4w5vfLTFKwpd16ZzmYwcXA,Kimmese,38,31248,"['vietnamese hip hop', 'v-pop', 'vietnam indie']"
3VkWfwJgAO5qikm4hFccO6,Mr.A,38,13326,"['vietnamese hip hop', 'v-pop', 'vinahouse', 'vietnam indie']"
3n56g8JEOhO9CwLHpfWgie,LOPE PHAM,37,2500,"['vietnamese hip hop', 'v-pop', 'vinahouse']"
7lq25uVNvzRoAJgr4CYr8e,Thái Đinh,37,231049,"['vietnam indie', 'v-pop', 'vietnamese lo-fi']"
6Zx90B1VRgR4TB01S87duQ,Anh Phan,39,100340,"['vietnamese hip hop', 'v-pop']"
3vrLtReLclPLq5VvCAxCik,Trí Dũng,37,3783,"['vietnamese lo-fi', 'v-pop', 'vinahouse', 'vietnamese hip hop', 'vietnam indie']"
3LsIDqxwDjcEKbK3D1IrDk,Thu Phương,37,34212,"['v-pop', 'vietnamese bolero']"
1qdb7jDQjPd8WWpayCRh5V,Larria.,36,7633,"['vietnamese hip hop', 'v-pop']"
0y8J897IGMESNbBqCpHXH9,NHA,36,58398,"['vietnamese hip hop', 'vietnam indie', 'v-pop', 'vietnamese lo-fi']"
37cUqDVdpydDd8VtNlCLuk,Hà Trần,36,101383,"['v-pop', 'vietnamese bolero']"
6lKBdKySIpWUb4tA7hYzU7,Pixel Neko,36,21445,"['vietnam indie', 'v-pop', 'vietnamese hip hop']"
1f3aY4gX0O9B59iQyZXY0I,DREAMeR,36,5920,"['v-pop', 'vietnamese lo-fi']"
5k9DAxaugi6ANyemUgQrgV,CHARLES.,36,11889,"['v-pop', 'vietnamese hip hop', 'vietnam indie', 'vietnamese lo-fi']"
0ABztwl5ApqMZOllFyaCmP,Hustlang Heily,35,2400,"['vietnamese hip hop', 'v-pop']"
2Fc5cGXai8xzLhGyltp4tT,Suboi,36,192527,"['vietnamese hip hop', 'v-pop', 'vietnam indie']"
5DTQVDm1qjLUoAGC8v85c3,Liu Grace,35,107913,"['vietnamese hip hop', 'v-pop']"
3Ib80uqrBka6P4ncx6vJRF,Gonzo,36,6283,"['vietnamese hip hop', 'v-pop', 'vietnam indie']"
3Gx0fp4mXr6YU4DONMHqB8,MFREE,35,1510,"['vietnamese hip hop', 'v-pop']"
4hksJgKaus2VEhQO2Umee9,Sol7,35,137281,"['vietnamese hip hop', 'v-pop', 'vietnam indie']"
4jIoCS5bJr2TQ2SIbSPnwR,16 BrT,35,4532,"['vietnamese hip hop', 'v-pop', 'vietnam indie']"
5TPzMTLOTGx95E7pizHYkP,Bozitt,35,37053,"['vietnamese lo-fi', 'v-pop', 'vietnam indie']"
6oOcfqwwNwjXjYS2beZoKf,Insolent,35,2439,"['v-pop', 'vietnamese hip hop', 'vietnamese lo-fi']"
6JicDimASCwKbuAWbQaixG,ChiuLinh,34,26294,"['vietnamese hip hop', 'vietnam indie', 'v-pop']"
5h0cBKxBX54CqPaQU6tJhk,Haisam,34,94669,"['vietnam indie', 'v-pop', 'vietnamese lo-fi']"
7uOyzPXtHba1TMMQA6HJhk,Long Cao,34,25596,"['v-pop', 'vietnam indie', 'vietnamese lo-fi']"
3AYPFIPDQ5aUUZzQ9OsqEn,Dan Nguyen,38,98008,"['vietnamese bolero', 'bolero', 'vinahouse', 'v-pop']"
4iFNiWhODcMZdmpNkxsTFp,Wowy,34,132398,"['vietnamese hip hop', 'v-pop']"
3mYnd5Nlmdpg4D9rbAqNUD,JGKiD (Da LAB),34,49275,"['v-pop', 'vietnam indie', 'vietnamese hip hop']"
4klhLtpyQWyGGl1MXIzwMh,Hoàng Hải,34,4544,"['v-pop', 'vietnamese bolero', 'bolero']"
60KOzc3SHHzq8PgKHeXB9z,Trungng,33,976,"['vietnamese hip hop', 'v-pop']"
28XrDF0G35BpyybcGaQTzU,prettyXIX,33,11234,"['vietnamese hip hop', 'v-pop']"
7iGWE6DvwRabk2DIgbTJ1n,Tuấn Ngọc,35,113292,"['vietnamese bolero', 'bolero', 'v-pop']"
3XevJv2rTKu5WYtD0LW6om,V#,33,5648,"['vietnamese hip hop', 'v-pop']"
2PQLOJKDN5j1q0q3xltIk8,Quang Lê,37,161475,"['vietnamese bolero', 'bolero', 'v-pop']"
7kE39OIlliCniD1AhI4jsJ,Hakoota,33,5083,"['v-pop', 'vietnam indie']"
4P5sYDkznyMel8jtD0CgE4,Jombie,33,28737,"['vietnamese hip hop', 'vinahouse', 'v-pop', 'vietnamese lo-fi']"
56su1iNcOlGUPEtBoOoJ5D,Datmaniac,32,46210,"['vietnamese hip hop', 'vietnam indie', 'v-pop']"
6S0JgJU2l6ds1EhZUJMQFk,LK,33,35953,"['vietnamese hip hop', 'v-pop', 'vietnam indie']"
27yyGKpmW2nU5uUrMv2a2x,Young Milo,32,25147,"['vietnamese hip hop', 'melodic rap']"
53hbIxngriO3apa2SXrS29,Trung Tâm Băng Đĩa Lậu Hải Ngoại,32,39889,"['vietnamese hip hop', 'v-pop', 'vietnam indie']"
5KPAddqEN2xZHp4jHxtpvP,Tuấn Vũ,34,66150,"['vietnamese bolero', 'bolero']"
78P4eADp0NwlcU4tsRCBdo,Trường Vũ,35,81790,"['vietnamese bolero', 'bolero']"
2fZ5sWYSqJpL11OqCDr9oY,Dewie,31,19129,"['vietnamese hip hop', 'v-pop', 'melodic rap']"
75wcJQ5meDomIleKGw1T8o,Mr T,31,567,[]
4IiJbbRn328Zxw8mtHb7bo,Cam,31,65634,"['vietnamese hip hop', 'vietnam indie', 'v-pop']"
1gcRVXmxLnwzd7EJn5dLGD,Quang Dũng,34,189584,"['vietnamese bolero', 'v-pop', 'bolero']"
0IMvyEWySP665zddlejaSm,Quang Vinh,33,52885,"['v-pop', 'vietnamese lo-fi']"
2bGV8Wgh1Kb4LPk1jyEnbg,GoAllDay,30,3879,"['vietnamese lo-fi', 'vietnamese hip hop', 'v-pop']"
0UyTscBfKB6ILapfawqhFB,Haukong,30,8351,"['v-pop', 'vietnamese hip hop']"
74WJHQjKr93pw6lxgWAaxM,Ngoc Lan,34,27274,"['vietnamese bolero', 'bolero', 'v-pop']"
2RmVHHCdiQb8yGa0eRhQjP,King Of Rap,31,24165,"['vietnamese hip hop', 'v-pop', 'vinahouse', 'thai pop']"
5sXudh7NFkU6fjQL6BQOj0,Cẩm Ly,33,116169,"['vietnamese bolero', 'v-pop', 'bolero']"
3L2ohE2NX2W5hAauL16VuQ,MinhLai,31,39488,"['vietnamese hip hop', 'v-pop']"
2BT5812uC3XW9TukhlOfD0,Khánh Ly,33,43223,"['vietnamese bolero', 'bolero', 'v-pop']"
6NPXdexaPjlEQeEMVCheCs,wAvy,30,13927,"['vietnamese hip hop', 'v-pop', 'vietnam indie']"
5MibVKlWvof8lLAkOaaDmi,Hồng Nhung,31,93193,"['v-pop', 'vietnamese bolero']"
4ht0wODL01ELRxlDYvsFad,Đàm Vĩnh Hưng,35,84448,"['vietnamese bolero', 'bolero', 'v-pop', 'vinahouse']"
5lfRIXoidHgyFNcoI9pJ7L,Hoàng Thục Linh,33,9517,"['vietnamese bolero', 'bolero', 'vinahouse', 'v-pop']"
7CvaEyUJFgQOdgzfqqU5t7,Limitlxss,30,14932,"['vietnamese hip hop', 'v-pop']"
71LQEF4uo08r9RIB7eTEAE,Chiennhatlang,30,6195,"['vietnamese hip hop', 'v-pop']"
18vmPKrKuO3whqA8z1UOL9,Lưu Bích,32,17543,"['vietnamese bolero', 'v-pop']"
1uBoOwCIbSlAyZZswoeOT3,KraziNoyze,29,1344,"['v-pop', 'vietnamese hip hop', 'vietnam indie']"
0FvZX3MHDrlAAnf15FgBkA,Richie D. ICY,30,31764,"['vietnamese hip hop', 'v-pop']"
1b9USL8WQoqdSDSrdMNk8g,1DEE,30,430,"['v-pop', 'vietnamese hip hop']"
3rfioXxHtUmA66MpuKdozJ,da/md,29,2808,"['vietnamese hip hop', 'vietnam indie', 'v-pop']"
6cz81gA7fLpRK4qKeLsGIn,Hà An Huy,29,4773,['v-pop']
4hmo0RtMEIDYCsEj26S1xH,The Son,32,3610,"['vietnamese bolero', 'bolero', 'v-pop']"
0r5KtuhT32hmawS8dj6jFm,Anh Khoa,28,11837,"['vietnamese lo-fi', 'vinahouse', 'v-pop', 'vietnamese bolero']"
5kooMseQPNPTz5y1UCM5UR,Pjpo,28,14595,"['vietnamese hip hop', 'vietnam indie', 'v-pop']"
7cJyqnwFpBTzP1eO1cgPhk,Phương Anh,32,44679,"['vietnamese bolero', 'bolero']"
1946SXMtprXuDRbjV3TXDh,Trịnh Lam,33,10258,"['vietnamese bolero', 'v-pop']"
1Y6nNqZKrsUSLnG5jwXVJv,Phát Hồ,29,69539,"['v-pop', 'vinahouse', 'vietnamese lo-fi', 'vietnamese hip hop']"
0JggLWdYe1p6oHZoHpyPSD,Blacka,29,22082,"['vietnamese hip hop', 'v-pop', 'vietnamese lo-fi']"
5eGFciQFU7LU4JQZeIy9uS,BILLY100,28,3828,"['vietnamese hip hop', 'v-pop']"
2yF59PrRiNS1q2YvLFtp5p,Quỳnh Vi,31,6423,"['vietnamese bolero', 'v-pop']"
1oXWd6Xc84KEx95VsXYAFM,Diem Suong,31,3329,"['vietnamese bolero', 'v-pop']"
7KOMoBXp30tI5E6SA0NQVn,Hương Lan,32,54125,"['vietnamese bolero', 'bolero']"
4vs2AkDv5UQwDYmwr9CkT6,Thanh Hà,31,16750,"['vietnamese bolero', 'v-pop']"
1tTV7NZodR1nsNtMdAz5Qi,Chế Linh,30,74683,"['vietnamese bolero', 'bolero']"
6MddNz1oXWvuY1ZWrsRqQF,Phi Nhung,32,69736,"['vietnamese bolero', 'bolero', 'v-pop']"
6mBgyEAtTJvNUpliO1Jnba,Ngọc Anh,29,20673,"['vietnamese bolero', 'v-pop', 'traditional music', 'bolero']"
6H2gXTxEeGqSwsgWCIZs4j,Vy Vy,27,2892,"['v-pop', 'vietnam indie']"
6kWudkWjOad7NFYhvNfzG0,Cain,28,3842,"['vietnamese hip hop', 'vinahouse', 'v-pop']"
36Ltp1cc3ExQQJ8h9GCT4O,Duy Khánh,30,45380,"['vietnamese bolero', 'bolero']"
0EEcEHFjh4q0m1Dif55qIB,XOLITXO,27,4356,"['vietnamese hip hop', 'v-pop', 'vietnam indie']"
1VQyG9aks9QYQYzwmP12Fz,thaison!,27,5749,"['v-pop', 'vietnamese hip hop', 'vietnam indie', 'vietnamese lo-fi']"
2OTLAXpaIvKyVl3788yqSU,Phan Ý Linh,32,2622,"['vietnamese bolero', 'bolero']"
5392HdKV4myTd5QuOED77C,Hoàng Minh Châu,27,4302,"['v-pop', 'vietnam indie', 'vietnamese lo-fi']"
2ztKQFCq6NdVbjWLq33H7o,Hoàng Oanh,29,30967,"['vietnamese bolero', 'bolero']"
1Vc9oJC8vSXfirygPAL2Du,Huỳnh James,28,70392,"['v-pop', 'vietnamese hip hop', 'vinahouse']"
4CLiTYTMKy6qcz0KXbuMqh,Tieu Chau Nhu Quynh,28,1653,"['v-pop', 'vietnamese lo-fi']"
1Tu9DctzLsjToUKxsOh6Fc,Lil Shady,26,6010,"['vietnamese hip hop', 'v-pop', 'vinahouse']"
4WkqpZbj5KZukRCmntVmGB,OCEAN MOB,26,24925,"['vietnamese hip hop', 'v-pop']"
4d4gNVfuHfIwndxSpUyk4e,Trash Dee,26,3999,"['v-pop', 'vietnamese hip hop']"
6PORUlK3pnUDFJi2tyYVsZ,Quang Lập,30,22635,"['vietnamese bolero', 'bolero']"
2wqbmDDGHOrzvdOxAPe4JS,M NAIVE,27,4897,"['vietnamese hip hop', 'v-pop', 'vietnam indie']"
6DKJX322RvZsWhz0Xn2myz,Mai Thiên Vân,30,20320,"['vietnamese bolero', 'bolero']"
5akggz3MdneiFGBlJrZM6O,Nguyen Huong Ly,28,111943,"['v-pop', 'vietnamese lo-fi', 'vinahouse']"
6nZLN4BFDgyIVX2xAUruED,Thanh Tuyền,29,41099,"['vietnamese bolero', 'bolero', 'v-pop']"
77b4s2pD9ezxA8EVti2cJw,DÍNH,25,17551,"['vietnam indie', 'v-pop', 'vietnamese hip hop', 'vietnamese lo-fi']"
3xIg04BrQzREY9e2mQxzAf,Rich Choi,25,8840,"['vietnamese hip hop', 'vinahouse', 'v-pop']"
5ehbiyqYPwIDaUY4AxrhVq,Mademoiselle,26,56585,"['vietnam indie', 'v-pop', 'vietnamese lo-fi']"
2x0RPlLEFz7pqXlhc1bl0G,BlackBi,25,16178,"['vietnamese hip hop', 'v-pop', 'vinahouse']"
321nGTqkdRThE4nA5PUqp7,Như Loan,31,12129,"['vietnamese bolero', 'v-pop']"
55U98QFBJAkjC7bDfpVqtg,Trịnh Nam Sơn,28,4454,"['vietnamese bolero', 'bolero']"
49lqmGqzQjQCQvAqGIevkN,BCTM,24,48664,"['vietnamese hip hop', 'v-pop']"
0TZKKZG6WHl2aVFPDtND82,Độ Mixi,25,72827,"['vietnamese hip hop', 'v-pop', 'vinahouse']"
001OedRF8lGo3og3aHDTy6,Thai Trinh,26,8097,"['v-pop', 'vietnam indie', 'vietnamese hip hop']"
4P95HBikaVomMvtD6vg1vD,Elvis Phương,29,44646,"['vietnamese bolero', 'bolero', 'v-pop']"
0wKSHn2UG5Ycwj7zCCdCFn,Loan Châu,29,2892,"['vietnamese bolero', 'v-pop']"
5trMq1OIockzQVpFicyrpn,Lam Anh,29,13452,"['vietnamese bolero', 'bolero', 'v-pop']"
2gScaMRuLR5xEN8x3h0Pq3,Tú Quyên,30,5978,"['vietnamese bolero', 'v-pop']"
3KTUDQL8OV9Sv6mvLJpS5W,Mạnh Quỳnh,29,46779,"['vietnamese bolero', 'bolero']"
464lg9IWmEnZAqVVwbkO9t,Hợp Ca,27,5496,['vietnamese bolero']
7uSNudh9nTnHLyfs6uQqFv,Hương Thủy,29,10181,"['vietnamese bolero', 'bolero', 'v-pop']"
3Z1ArowingijWbVesn0aON,Pink Frog,24,17034,"['vietnam indie', 'v-pop']"
5Bh96Q2p3ZPFLin3pt7NsN,Lệ Thu,27,32848,"['vietnamese bolero', 'bolero', 'v-pop']"
21MG3ongZHFbUnXpK8prTg,Tạ Quang Thắng,24,4487,"['vietnam indie', 'v-pop']"
1KLRO4UHKmiwS0grGzFdgT,Dế Choắt (DC),24,37908,"['vietnamese hip hop', 'v-pop', 'vietnam indie']"
6CQqST4eq5bxUONQg6orXS,Hồ Lệ Thu,29,10110,"['vietnamese bolero', 'v-pop']"
3HZZADizLAtNsAy36T8wiD,TaylorDaClownn,23,2117,"['v-pop', 'vietnamese hip hop', 'vietnam indie']"
02rLqQfWp5cmZYBShP1Fu5,Lâm Nhật Tiến,29,11737,"['vietnamese bolero', 'v-pop', 'bolero']"
36fEidShsCv1NBymBw17OB,Ái Vân,28,10928,"['vietnamese bolero', 'bolero']"
6dYm0i4voJXVX9rPx6gb2F,Don Hồ,29,11605,"['vietnamese bolero', 'bolero', 'v-pop']"
2nfy0nJ70ftD2p3WeEVrw9,Quốc Đại,25,11723,"['vietnamese bolero', 'bolero']"
4sB7Byv9cAeaPbR05YSQFR,Cẩm Vân,24,3375,"['vietnamese bolero', 'v-pop']"
1ZCY6tbHfF0X4oXZJKSXCZ,CROW ON HYENAS,23,10163,"['vietnamese hip hop', 'vietnam indie', 'v-pop']"
0HCHCbu99MF7kfRudGZceI,Dương Hồng Loan,27,38282,"['vietnamese bolero', 'bolero', 'traditional music']"
2DTVCDYfT6Uo8NugnHNRsg,Đỗ Hoàng Dương,23,10404,['v-pop']
7vCKeEqgPv1FFEM2OivtNj,Ngọc Ngữ,27,2349,"['vietnamese bolero', 'bolero']"
5jAkbuyAcJlFqLH4z88ukv,Trần Thái Hoà,28,23977,"['vietnamese bolero', 'bolero']"
41eUMVb8BInRlwH1Cx6v3N,Lương Tùng Quang,28,9697,"['vietnamese bolero', 'v-pop']"
4oFMIlXAVelFtZxOEnc9EX,Châu Ngọc Hà,27,1795,"['vietnamese bolero', 'bolero']"
6oO3gusjsenDOQn8RDr5JS,Thanh Thúy,26,18775,"['vietnamese bolero', 'bolero', 'traditional music']"
